{
  "schema_version": "2.0",
  "uncalibrated": {
    "indomain": {
      "frame": {
        "auc": 0.9166458338970997,
        "ap": 0.9775605374800479,
        "eer": 0.1575003160270738,
        "acc_at_05": 0.858498727735369,
        "acc_at_optimal": 0.8282188295165395,
        "optimal_threshold": 0.6433292627334595,
        "f1": 0.8866654355599577,
        "brier": 0.09514156728982925,
        "ece": 0.06962207453699817,
        "real_recall": 0.8074042673449202,
        "fake_recall": 0.8697203860596469,
        "balanced_acc": 0.8385623267022835,
        "fpr_at_tpr95": 0.4025717111770524,
        "tpr_at_fpr05": 0.6691183316264779,
        "ece_real": 0.30937428936158023,
        "ece_fake": 0.14996942909747105
      },
      "video": {
        "auc": 0.9569691395871653,
        "ap": 0.9907300454218867,
        "eer": 0.11508277130594727,
        "acc_at_05": 0.9129916567342073,
        "acc_at_optimal": 0.8700834326579261,
        "optimal_threshold": 0.6662169098854065,
        "f1": 0.9162182936202921,
        "brier": 0.07247278094291687,
        "ece": 0.09283426578941445,
        "real_recall": 0.8357142857142857,
        "fake_recall": 0.9284692417739628,
        "balanced_acc": 0.8820917637441243,
        "fpr_at_tpr95": 0.22857142857142856,
        "tpr_at_fpr05": 0.8526466380543634,
        "ece_real": 0.30875808554036277,
        "ece_fake": 0.15963351385446747
      },
      "per_manipulation": {
        "Deepfakes": {
          "auc": 0.9505370171927972,
          "ap": 0.9188398563574632,
          "eer": 0.10155867949708475,
          "balanced_acc": 0.8798064059389337
        },
        "Face2Face": {
          "auc": 0.9450744453514128,
          "ap": 0.9309913547153329,
          "eer": 0.12277120350839561,
          "balanced_acc": 0.8662109926377329
        },
        "FaceShifter": {
          "auc": 0.9057750292854037,
          "ap": 0.901578939627504,
          "eer": 0.17457183634299903,
          "balanced_acc": 0.8235489204507265
        },
        "FaceSwap": {
          "auc": 0.9430053675030977,
          "ap": 0.9403108649857599,
          "eer": 0.1304598565711781,
          "balanced_acc": 0.8567626255051652
        },
        "NeuralTextures": {
          "auc": 0.8271893152938495,
          "ap": 0.7368139938040689,
          "eer": 0.241051366539419,
          "balanced_acc": 0.7543135105996265
        }
      }
    },
    "crossdomain": {
      "frame": {
        "auc": 0.6445302780670312,
        "ap": 0.9855688389656299,
        "eer": 0.40103661534996127,
        "acc_at_05": 0.8117312464058274,
        "acc_at_optimal": 0.6426174362633383,
        "optimal_threshold": 0.7461389899253845,
        "f1": 0.7790038808074746,
        "brier": 0.1204771175980568,
        "ece": 0.2063698093872854,
        "real_recall": 0.3578531139152178,
        "fake_recall": 0.8223649524058642,
        "balanced_acc": 0.590109033160541,
        "fpr_at_tpr95": 0.8385474210618131,
        "tpr_at_fpr05": 0.10734327040580693,
        "ece_real": 0.6343536013045746,
        "ece_fake": 0.22606675739727922
      },
      "video": {
        "auc": 0.6894342823119345,
        "ap": 0.9922314475003103,
        "eer": 0.36083115985060976,
        "acc_at_05": 0.8833896041257003,
        "acc_at_optimal": 0.5266018625013913,
        "optimal_threshold": 0.7946219444274902,
        "f1": 0.6847131790607741,
        "brier": 0.09575504809617996,
        "ece": 0.22157579486970516,
        "real_recall": 0.2575928008998875,
        "fake_recall": 0.8938830941018918,
        "balanced_acc": 0.5757379475008897,
        "fpr_at_tpr95": 0.8548931383577053,
        "tpr_at_fpr05": 0.23296301186411905,
        "ece_real": 0.6368154539811529,
        "ece_fake": 0.23596948159980038
      },
      "per_category": {
        "FaceReenactment": {
          "auc": 0.5803829040839061,
          "ap": 0.9252946828429671,
          "eer": 0.44417358114909833,
          "balanced_acc": 0.5758607425636695
        },
        "FaceSwap": {
          "auc": 0.6973624288781614,
          "ap": 0.9766344441188325,
          "eer": 0.3569767629974625,
          "balanced_acc": 0.608544534926169
        },
        "TalkingFace": {
          "auc": 0.6088014912916828,
          "ap": 0.9388284436323631,
          "eer": 0.4256259954791505,
          "balanced_acc": 0.5693637856301317
        }
      }
    }
  },
  "calibrated": {
    "indomain": {
      "frame": {
        "auc": 0.9166458338970997,
        "ap": 0.9775605374800479,
        "eer": 0.1575003160270738,
        "acc_at_05": 0.8082188295165394,
        "acc_at_optimal": 0.8282188295165395,
        "optimal_threshold": 0.426542729139328,
        "f1": 0.8866654355599577,
        "brier": 0.1271461695432663,
        "ece": 0.14792257665943248,
        "real_recall": 0.8102303235834393,
        "fake_recall": 0.8674549235018465,
        "balanced_acc": 0.8388426235426429,
        "fpr_at_tpr95": 0.4025717111770524,
        "tpr_at_fpr05": 0.6691183316264779,
        "ece_real": 0.21195632079293772,
        "ece_fake": 0.22696123876056087
      },
      "video": {
        "auc": 0.9561874105865522,
        "ap": 0.9899340276046417,
        "eer": 0.11293684855916616,
        "acc_at_05": 0.8605482717520858,
        "acc_at_optimal": 0.8784266984505363,
        "optimal_threshold": 0.42570626735687256,
        "f1": 0.9223744292237442,
        "brier": 0.10060112178325653,
        "ece": 0.14338974246180244,
        "real_recall": 0.8642857142857143,
        "fake_recall": 0.894134477825465,
        "balanced_acc": 0.8792100960555896,
        "fpr_at_tpr95": 0.24285714285714285,
        "tpr_at_fpr05": 0.8183118741058655,
        "ece_real": 0.17216545790433885,
        "ece_fake": 0.20659110674871736
      },
      "per_manipulation": {
        "Deepfakes": {
          "auc": 0.9505370171927972,
          "ap": 0.9188398563574632,
          "eer": 0.10155867949708475,
          "balanced_acc": 0.8985328347932748
        },
        "Face2Face": {
          "auc": 0.9450744453514128,
          "ap": 0.9309913547153329,
          "eer": 0.12277120350839561,
          "balanced_acc": 0.8783413733732026
        },
        "FaceShifter": {
          "auc": 0.9057750292854037,
          "ap": 0.901578939627504,
          "eer": 0.17457183634299903,
          "balanced_acc": 0.8227443924743834
        },
        "FaceSwap": {
          "auc": 0.9430053675030977,
          "ap": 0.9403108649857599,
          "eer": 0.1304598565711781,
          "balanced_acc": 0.8725606146832112
        },
        "NeuralTextures": {
          "auc": 0.8271893152938495,
          "ap": 0.7368139938040689,
          "eer": 0.241051366539419,
          "balanced_acc": 0.7129387176240214
        }
      }
    },
    "crossdomain": {
      "frame": {
        "auc": 0.6445302780670312,
        "ap": 0.9855688389656299,
        "eer": 0.40103661534996127,
        "acc_at_05": 0.6649771836595599,
        "acc_at_optimal": 0.6426174362633383,
        "optimal_threshold": 0.5330988764762878,
        "f1": 0.7790038808074746,
        "brier": 0.2064175009727478,
        "ece": 0.32720143657302264,
        "real_recall": 0.36442402744664765,
        "fake_recall": 0.8178330533678283,
        "balanced_acc": 0.591128540407238,
        "fpr_at_tpr95": 0.8385474210618131,
        "tpr_at_fpr05": 0.10734327040580693,
        "ece_real": 0.5022905583590297,
        "ece_fake": 0.34663524714751504
      },
      "video": {
        "auc": 0.668192141099212,
        "ap": 0.9910928112220327,
        "eer": 0.38132892535499097,
        "acc_at_05": 0.6859162245390124,
        "acc_at_optimal": 0.6094497829555151,
        "optimal_threshold": 0.59034264087677,
        "f1": 0.7541427753967606,
        "brier": 0.1871626079082489,
        "ece": 0.3297440134331905,
        "real_recall": 0.2958380202474691,
        "fake_recall": 0.8646094648886207,
        "balanced_acc": 0.5802237425680449,
        "fpr_at_tpr95": 0.8357705286839145,